{
  "SSM": {
    "v_w": [0.1, 0.2, 0.3, 0.4, 0.5, 0.6, 0.7, 0.8, 0.9, 0.95],
    "alpha": [0.01, 0.03, 0.1, 0.3, 0.6, 1.0],
    "J_vw_fp": [
      [
        -0.9999982026056096, -0.9999982026056544, -0.9999982026056852,
        -0.9999982026056403, -0.999998202605639, -0.9999982026056505
      ],
      [
        -0.9999955093015982, -0.9999955093016224, -0.999995509301612,
        -0.9999955093015763, -0.999995509301633, -0.9999955093015958
      ],
      [
        -0.9999969306748895, -0.9999969306750573, -0.9999969306749779,
        -0.9999969306750086, -0.9999969306749958, -0.9999969306750458
      ],
      [
        -1.0000090282550258, -1.0000090282550882, -1.0000090282551508,
        -1.0000090282551266, -1.000009028254977, -1.0000090282550849
      ],
      [
        -1.0000028477173935, -1.000002847717089, -1.0000028477170846,
        -1.0000028477171197, -1.0000028477171305, -1.0000028477170737
      ],
      [
        -0.9999468897347009, -0.9999468897344765, -0.9999468897343472,
        -0.9999468897347272, -0.9999468897346561, -0.9999468897345373
      ],
      [
        -0.9999856068359675, -0.9999856068359583, -0.9999856068360323,
        -0.9999856068357669, -0.9999856068357329, -0.9999856068358657
      ],
      [
        -1.0000244388432251, -1.0000244388433452, -1.0000244388430024,
        -1.0000244388428574, -1.0000244388428505, -1.0000244388431225
      ],
      [
        -1.0000125748771131, -1.0000125748769424, -1.0000125748770563,
        -1.0000125748774438, -1.0000125748774644, -1.0000125748774336
      ],
      [
        -1.0001452193370406, -1.0001452193366462, -1.0001452193387654,
        -1.0001452193379277, -1.0001452193384532, -1.000145219338634
      ]
    ],
    "J_alpha_fp": [
      [
        3.6380467703452005e-14, 1.3114853545124706e-14, -1.1186198612018129e-14,
        -1.6853861686476543e-14, 6.639357424503021e-15, 4.346778912303545e-14
      ],
      [
        8.08454837854489e-15, -9.643274665532873e-15, -6.9431577591836664e-15,
        9.914036286162672e-16, 7.377063805003357e-16, 2.7819385038742687e-14
      ],
      [
        1.2126822567817336e-14, 6.557426772562353e-15, 1.0800467625396815e-14,
        -2.9742108858488016e-14, -1.1065595707505035e-14, 1.234485211094207e-13
      ],
      [
        -9.782303538039317e-14, -3.62587127424036e-14, 7.714619732426296e-15,
        -5.948421771697604e-15, -2.06557786540094e-14, -3.9990365993192615e-14
      ],
      [
        -1.697755159494427e-14, -2.121520426417232e-14, 2.314385919727889e-15,
        1.9828072572325345e-14, 6.639357424503021e-15, 1.5648404084292762e-14
      ],
      [
        1.4552187081380802e-14, 1.81293563712018e-14, 2.314385919727889e-15,
        -1.635815987216841e-14, -5.16394466350235e-15, 5.216134694764254e-15
      ],
      [
        5.17411096226873e-14, 3.0472747943083874e-14, -3.4330057809297016e-14,
        -3.816903970172629e-14, 5.975421682052719e-14, 9.389042450575658e-14
      ],
      [
        1.697755159494427e-14, 1.0029005652154187e-14, 2.6229707090249406e-14,
        3.172491611572055e-14, -2.877054883951309e-14, -6.954846259685672e-14
      ],
      [
        2.4253645135634672e-14, 5.4773800100226716e-14, 1.8900818344444425e-14,
        -1.6853861686476543e-14, 4.426238283002014e-15, -3.9990365993192615e-14
      ],
      [
        4.3656561244142404e-14, 1.4272046504988652e-14, -1.1186198612018129e-14,
        -7.435527214622004e-15, -2.729513607851242e-14, -5.911619320732821e-14
      ]
    ],
    "J_vw_Op": [
      [
        1.0000002135552981, 1.0000002135552775, 1.0000002135552468,
        1.0000002135552262, 1.0000002135552775, 1.0000002135552775
      ],
      [
        0.9999994276974637, 0.9999994276974832, 0.9999994276974896,
        0.9999994276974832, 0.999999427697509, 0.9999994276974637
      ],
      [
        1.0000001960463116, 1.000000196046363, 1.0000001960463014,
        1.0000001960464346, 1.0000001960461988, 1.0000001960463116
      ],
      [
        1.0000006018649774, 1.0000006018648382, 1.000000601865033,
        1.000000601864866, 1.0000006018647827, 1.0000006018648104
      ],
      [
        0.9999980876669867, 0.9999980876668816, 0.9999980876669867,
        0.9999980876669516, 0.9999980876670919, 0.9999980876669166
      ],
      [
        1.0000027246581775, 1.0000027246580085, 1.0000027246580085,
        1.0000027246582197, 1.0000027246580507, 1.0000027246583465
      ],
      [
        1.0000031073343014, 1.000003107334499, 1.0000031073344495,
        1.0000031073344495, 1.0000031073345483, 1.0000031073344002
      ],
      [
        0.999999745570302, 0.9999997455707543, 0.9999997455703585,
        0.9999997455705847, 0.9999997455705282, 0.999999745570302
      ],
      [
        -36.43499885244476, -27.899682571628208, -18.287765703855587,
        -10.23605611941169, -6.1403011765554885, -3.8025750133338816
      ],
      [
        -117.98548045900317, -90.85635746456803, -60.30530741102147,
        -34.71330678149661, -21.695131948356604, -14.264773362596886
      ]
    ],
    "J_alpha_Op": [
      [
        2.5668097251423276, 2.4544171667699533, 2.194201874337724,
        1.8724277956616648, 1.498591078008016, 1.3117656821031742
      ],
      [
        2.5668097251423148, 2.4544171667699377, 2.1942018743377085,
        1.8724277956616768, 1.4985910780080456, 1.3117656821031742
      ],
      [
        2.5668097251423467, 2.4544171667699652, 2.194201874337724,
        1.8724277956616768, 1.4985910780079985, 1.3117656821030768
      ],
      [
        2.5668097251423467, 2.4544171667699346, 2.1942018743377303,
        1.872427795661637, 1.4985910780079748, 1.3117656821033272
      ],
      [
        2.5668097251422823, 2.4544171667699777, 2.1942018743377303,
        1.8724277956616053, 1.4985910780079748, 1.3117656821031047
      ],
      [
        2.566809725142308, 2.4544171667699346, 2.1942018743377427,
        1.872427795661661, 1.498591078007963, 1.311765682103188
      ],
      [
        2.5668097251422304, 2.4544171667699533, 2.194201874337761,
        1.8724277956616133, 1.4985910780080103, 1.3117656821032995
      ],
      [
        2.5668097251423596, 2.4544171667699533, 2.1942018743377365,
        1.8724277956616768, 1.4985910780079512, 1.3117656821031047
      ],
      [
        2.566809725142334, 2.454417166769959, 2.1942018743377427,
        1.872427795661637, 1.4985910780079512, 1.311765682103188
      ],
      [
        3.9019452510583092, 3.808810838726683, 3.5125022287115626,
        3.037508787767932, 2.416880408996008, 2.0982157407592124
      ]
    ]
  },
  "Bub": {
    "v_w": [0.1, 0.2, 0.3, 0.4, 0.5, 0.6, 0.7, 0.8, 0.9, 0.95],
    "alpha": [0.01, 0.03, 0.1, 0.3, 0.6, 1.0],